Year,Income
1990,14932.31112
1995,16591.4568
2000,18434.952
2005,20483.28
2010,22759.2
2015,25288
2020,27816.8
2025,30598.48
2030,33658.328
2035,37024.1608
2038,40726.57688
2040,44799.23457
2045,49279.15802
2050,54207.07383
