Year,RVMPO
2005,1.085489678
2010,1.085489678
2038,1.085489678
2050,1.085489678
